{
  "schema_version": 1,
  "timestamp_utc": "2026-07-22T03:29:28.770251+00:00",
  "device": "NVIDIA H20",
  "compute_capability": [
    9,
    0
  ],
  "torch_version": "2.11.0+cu130",
  "vllm_version": "0.24.0",
  "adapter_backend": "cpp-dispatch",
  "baseline": "vLLM Sampler.compute_logprobs + greedy_sample + gather_logprobs(num_logprobs=0)",
  "candidate": "Loom greedy_sample_logprobs",
  "dtype": "bf16",
  "vocab_size": 151936,
  "row_stride": 151936,
  "warmup": 100,
  "iterations": 1000,
  "repeats": 7,
  "acceptance": {
    "passed": true,
    "token_ids": "exact",
    "sampled_token_ranks": "exact, including maximum-logit ties",
    "logprob_rtol": 2e-05,
    "logprob_atol": 2e-05,
    "maximum_logprob_error": 9.5367431640625e-07
  },
  "results": [
    {
      "rows": 1,
      "baseline_us": 146.3191375732422,
      "loom_us": 45.02889633178711,
      "speedup": 3.2494497865352203,
      "latency_reduction_percent": 69.22555922717407,
      "baseline_samples_us": [
        146.36895751953125,
        146.53382873535156,
        146.34754943847656,
        146.3191375732422,
        146.04269409179688,
        146.08790588378906,
        146.103271484375
      ],
      "loom_samples_us": [
        45.02889633178711,
        45.027198791503906,
        45.02764892578125,
        45.04512023925781,
        45.03113555908203,
        45.02422332763672,
        45.04393768310547
      ],
      "baseline_p90_us": 146.53382873535156,
      "loom_p90_us": 45.04512023925781,
      "maximum_logprob_error": 0.0
    },
    {
      "rows": 2,
      "baseline_us": 145.8175048828125,
      "loom_us": 44.98406219482422,
      "speedup": 3.2415370637556604,
      "latency_reduction_percent": 69.15043757539532,
      "baseline_samples_us": [
        145.5983428955078,
        145.67884826660156,
        145.8175048828125,
        146.29434204101562,
        147.01702880859375,
        146.09986877441406,
        145.75222778320312
      ],
      "loom_samples_us": [
        44.96742248535156,
        44.9799690246582,
        44.98406219482422,
        44.99795150756836,
        44.9944953918457,
        44.98124694824219,
        44.98543930053711
      ],
      "baseline_p90_us": 147.01702880859375,
      "loom_p90_us": 44.99795150756836,
      "maximum_logprob_error": 0.0
    },
    {
      "rows": 4,
      "baseline_us": 146.3502655029297,
      "loom_us": 45.27190399169922,
      "speedup": 3.232695172921457,
      "latency_reduction_percent": 69.06605954138638,
      "baseline_samples_us": [
        146.3443145751953,
        146.53228759765625,
        146.3502655029297,
        146.4561004638672,
        146.29116821289062,
        145.93959045410156,
        146.6255340576172
      ],
      "loom_samples_us": [
        45.270015716552734,
        45.267295837402344,
        45.276798248291016,
        45.27190399169922,
        45.2751350402832,
        45.26976013183594,
        45.275264739990234
      ],
      "baseline_p90_us": 146.6255340576172,
      "loom_p90_us": 45.276798248291016,
      "maximum_logprob_error": 0.0
    },
    {
      "rows": 8,
      "baseline_us": 145.1516876220703,
      "loom_us": 45.71775817871094,
      "speedup": 3.17495199687333,
      "latency_reduction_percent": 68.50346080870537,
      "baseline_samples_us": [
        145.96652221679688,
        145.45391845703125,
        145.1516876220703,
        144.85020446777344,
        144.9286651611328,
        145.2459259033203,
        144.8385009765625
      ],
      "loom_samples_us": [
        45.721153259277344,
        45.708831787109375,
        45.714561462402344,
        45.71094512939453,
        45.71775817871094,
        45.71865463256836,
        45.72083282470703
      ],
      "baseline_p90_us": 145.96652221679688,
      "loom_p90_us": 45.721153259277344,
      "maximum_logprob_error": 4.76837158203125e-07
    },
    {
      "rows": 16,
      "baseline_us": 145.451171875,
      "loom_us": 45.7553596496582,
      "speedup": 3.178888178099733,
      "latency_reduction_percent": 68.54246063484443,
      "baseline_samples_us": [
        145.0773468017578,
        146.04054260253906,
        145.27842712402344,
        145.40870666503906,
        145.451171875,
        145.5179901123047,
        145.820068359375
      ],
      "loom_samples_us": [
        45.75593566894531,
        45.75727844238281,
        45.7553596496582,
        45.746337890625,
        45.75708770751953,
        45.75164794921875,
        45.7503662109375
      ],
      "baseline_p90_us": 146.04054260253906,
      "loom_p90_us": 45.75727844238281,
      "maximum_logprob_error": 0.0
    },
    {
      "rows": 32,
      "baseline_us": 145.41769409179688,
      "loom_us": 46.017120361328125,
      "speedup": 3.160078095934117,
      "latency_reduction_percent": 68.35521244596329,
      "baseline_samples_us": [
        145.57090759277344,
        145.33164978027344,
        145.33856201171875,
        144.86618041992188,
        145.59014892578125,
        145.41769409179688,
        145.57772827148438
      ],
      "loom_samples_us": [
        46.017120361328125,
        46.01084899902344,
        46.028926849365234,
        46.02057647705078,
        46.019710540771484,
        46.011295318603516,
        46.00342559814453
      ],
      "baseline_p90_us": 145.59014892578125,
      "loom_p90_us": 46.028926849365234,
      "maximum_logprob_error": 4.76837158203125e-07
    },
    {
      "rows": 64,
      "baseline_us": 184.35382080078125,
      "loom_us": 46.53129577636719,
      "speedup": 3.961931807934153,
      "latency_reduction_percent": 74.75978768747602,
      "baseline_samples_us": [
        184.34783935546875,
        184.36659240722656,
        184.3702392578125,
        184.34722900390625,
        184.35382080078125,
        184.35008239746094,
        184.4180450439453
      ],
      "loom_samples_us": [
        46.53276824951172,
        46.53129577636719,
        46.496543884277344,
        46.48793411254883,
        46.529022216796875,
        46.53196716308594,
        46.53830337524414
      ],
      "baseline_p90_us": 184.4180450439453,
      "loom_p90_us": 46.53830337524414,
      "maximum_logprob_error": 9.5367431640625e-07
    },
    {
      "rows": 128,
      "baseline_us": 287.6954345703125,
      "loom_us": 66.1259536743164,
      "speedup": 4.350718871855826,
      "latency_reduction_percent": 77.01529265729266,
      "baseline_samples_us": [
        287.7228088378906,
        287.6954345703125,
        287.7199401855469,
        287.7051086425781,
        287.6540832519531,
        287.6918640136719,
        287.6634521484375
      ],
      "loom_samples_us": [
        69.61795043945312,
        69.6131820678711,
        66.1259536743164,
        66.05773162841797,
        66.09363555908203,
        66.1211166381836,
        69.5824966430664
      ],
      "baseline_p90_us": 287.7228088378906,
      "loom_p90_us": 69.61795043945312,
      "maximum_logprob_error": 9.5367431640625e-07
    }
  ]
}
